{
    "camera": {
        "view_matrix": [
            [
                -0.5649670958518982,
                0.0,
                -0.8251134157180786,
                -26.07748031616211
            ],
            [
                -0.38990798592567444,
                0.8813034296035767,
                0.26697564125061035,
                -4.581592559814453
            ],
            [
                0.7271752953529358,
                0.47255077958106995,
                -0.49790745973587036,
                2.62139892578125
            ],
            [
                0.0,
                0.0,
                0.0,
                1.0
            ]
        ],
        "projection_matrix": [
            [
                1.2910383939743042,
                0.0,
                0.0,
                0.0
            ],
            [
                0.0,
                2.4142136573791504,
                0.0,
                0.0
            ],
            [
                0.0,
                0.0,
                -1.0020020008087158,
                -0.20020020008087158
            ],
            [
                0.0,
                0.0,
                -1.0,
                0.0
            ]
        ]
    },
    "objects": [
        {
            "name": "#1 building",
            "class": "building",
            "position_3d": [
                -22.424999237060547,
                0.0,
                -16.25
            ],
            "rotation_y": 0.0
        }
    ]
}