{
    "camera": {
        "view_matrix": [
            [
                0.7265745997428894,
                0.0,
                -0.6870875954627991,
                5.128261566162109
            ],
            [
                -0.15222319960594177,
                0.975149393081665,
                -0.1609714925289154,
                -6.224421501159668
            ],
            [
                0.6700130105018616,
                0.22154846787452698,
                0.7085187435150146,
                20.994159698486328
            ],
            [
                0.0,
                0.0,
                0.0,
                1.0
            ]
        ],
        "projection_matrix": [
            [
                1.2910383939743042,
                0.0,
                0.0,
                0.0
            ],
            [
                0.0,
                2.4142136573791504,
                0.0,
                0.0
            ],
            [
                0.0,
                0.0,
                -1.0020020008087158,
                -0.20020020008087158
            ],
            [
                0.0,
                0.0,
                -1.0,
                0.0
            ]
        ]
    },
    "objects": [
        {
            "name": "#1 building",
            "class": "building",
            "position_3d": [
                -22.424999237060547,
                0.0,
                -16.25
            ],
            "rotation_y": 0.0
        }
    ]
}