{
    "camera": {
        "view_matrix": [
            [
                0.9882283210754395,
                0.0,
                -0.15298588573932648,
                19.674999237060547
            ],
            [
                -0.013333597220480442,
                0.9961946606636047,
                -0.08612976968288422,
                -1.8978536128997803
            ],
            [
                0.15240372717380524,
                0.08715573698282242,
                0.9844678640365601,
                13.89782428741455
            ],
            [
                0.0,
                0.0,
                0.0,
                1.0
            ]
        ],
        "projection_matrix": [
            [
                1.2910383939743042,
                0.0,
                0.0,
                0.0
            ],
            [
                0.0,
                2.4142136573791504,
                0.0,
                0.0
            ],
            [
                0.0,
                0.0,
                -1.0020020008087158,
                -0.20020020008087158
            ],
            [
                0.0,
                0.0,
                -1.0,
                0.0
            ]
        ]
    },
    "objects": [
        {
            "name": "#1 building",
            "class": "building",
            "position_3d": [
                -22.424999237060547,
                0.0,
                -16.25
            ],
            "rotation_y": 0.0
        }
    ]
}