{
    "camera": {
        "view_matrix": [
            [
                0.47562429308891296,
                -0.0,
                0.8796485066413879,
                24.960163116455078
            ],
            [
                0.19188940525054932,
                0.9759168028831482,
                -0.10375423729419708,
                2.4219298362731934
            ],
            [
                -0.8584637641906738,
                0.2181432694196701,
                0.4641697406768799,
                -16.75191879272461
            ],
            [
                0.0,
                0.0,
                0.0,
                1.0
            ]
        ],
        "projection_matrix": [
            [
                1.2910383939743042,
                0.0,
                0.0,
                0.0
            ],
            [
                0.0,
                2.4142136573791504,
                0.0,
                0.0
            ],
            [
                0.0,
                0.0,
                -1.0020020008087158,
                -0.20020020008087158
            ],
            [
                0.0,
                0.0,
                -1.0,
                0.0
            ]
        ]
    },
    "objects": [
        {
            "name": "#1 Vehicles",
            "class": "Vehicles",
            "position_3d": [
                -22.424999237060547,
                0.0,
                -16.25
            ],
            "rotation_y": 0.0
        }
    ]
}