{
    "camera": {
        "view_matrix": [
            [
                -0.027921726927161217,
                0.0,
                0.9996101260185242,
                5.706167697906494
            ],
            [
                0.5790553092956543,
                0.8151278495788574,
                0.01617453061044216,
                7.590866565704346
            ],
            [
                -0.814810037612915,
                0.5792811512947083,
                -0.022759776562452316,
                -26.312774658203125
            ],
            [
                0.0,
                0.0,
                0.0,
                1.0
            ]
        ],
        "projection_matrix": [
            [
                1.2910383939743042,
                0.0,
                0.0,
                0.0
            ],
            [
                0.0,
                2.4142136573791504,
                0.0,
                0.0
            ],
            [
                0.0,
                0.0,
                -1.0020020008087158,
                -0.20020020008087158
            ],
            [
                0.0,
                0.0,
                -1.0,
                0.0
            ]
        ]
    },
    "objects": [
        {
            "name": "Truck_39",
            "class": "Truck",
            "position_3d": [
                -20.210222883038206,
                0.0,
                -10.14
            ],
            "rotation_y": -90.0
        }
    ]
}