{
    "camera": {
        "view_matrix": [
            [
                0.604598879814148,
                0.0,
                -0.7965301275253296,
                0.6145153045654297
            ],
            [
                -0.6524791717529297,
                0.5735765695571899,
                -0.4952583312988281,
                -22.79450798034668
            ],
            [
                0.45687100291252136,
                0.8191519379615784,
                0.34678375720977783,
                12.216737747192383
            ],
            [
                0.0,
                0.0,
                0.0,
                1.0
            ]
        ],
        "projection_matrix": [
            [
                1.2910383939743042,
                0.0,
                0.0,
                0.0
            ],
            [
                0.0,
                2.4142136573791504,
                0.0,
                0.0
            ],
            [
                0.0,
                0.0,
                -1.0020020008087158,
                -0.20020020008087158
            ],
            [
                0.0,
                0.0,
                -1.0,
                0.0
            ]
        ]
    },
    "objects": [
        {
            "name": "#1 firetruck",
            "class": "firetruck",
            "position_3d": [
                -22.424999237060547,
                0.0,
                -16.25
            ],
            "rotation_y": 0.0
        }
    ]
}