{
    "camera": {
        "view_matrix": [
            [
                0.5990238785743713,
                0.0,
                -0.8007311224937439,
                0.42122936248779297
            ],
            [
                -0.38330352306365967,
                0.8779828548431396,
                -0.28674790263175964,
                -13.430830955505371
            ],
            [
                0.7030282616615295,
                0.4786919355392456,
                0.5259327292442322,
                21.616077423095703
            ],
            [
                0.0,
                0.0,
                0.0,
                1.0
            ]
        ],
        "projection_matrix": [
            [
                1.2910383939743042,
                0.0,
                0.0,
                0.0
            ],
            [
                0.0,
                2.4142136573791504,
                0.0,
                0.0
            ],
            [
                0.0,
                0.0,
                -1.0020020008087158,
                -0.20020020008087158
            ],
            [
                0.0,
                0.0,
                -1.0,
                0.0
            ]
        ]
    },
    "objects": [
        {
            "name": "#1 van",
            "class": "van",
            "position_3d": [
                -22.424999237060547,
                0.0,
                -16.25
            ],
            "rotation_y": 0.0
        }
    ]
}