{
    "camera": {
        "view_matrix": [
            [
                0.8028175234794617,
                -0.0,
                0.5962247252464294,
                27.69183349609375
            ],
            [
                0.19411179423332214,
                0.9455184936523438,
                -0.26137182116508484,
                -0.08343899250030518
            ],
            [
                -0.5637415647506714,
                0.32556816935539246,
                0.759078860282898,
                -5.871984958648682
            ],
            [
                0.0,
                0.0,
                0.0,
                1.0
            ]
        ],
        "projection_matrix": [
            [
                1.2910383939743042,
                0.0,
                0.0,
                0.0
            ],
            [
                0.0,
                2.4142136573791504,
                0.0,
                0.0
            ],
            [
                0.0,
                0.0,
                -1.0020020008087158,
                -0.20020020008087158
            ],
            [
                0.0,
                0.0,
                -1.0,
                0.0
            ]
        ]
    },
    "objects": [
        {
            "name": "#1 building",
            "class": "building",
            "position_3d": [
                -22.424999237060547,
                0.0,
                -16.25
            ],
            "rotation_y": 0.0
        }
    ]
}