{
    "camera": {
        "view_matrix": [
            [
                0.9092360734939575,
                0.0,
                -0.4162808060646057,
                13.625055313110352
            ],
            [
                -0.24819692969322205,
                0.8028174638748169,
                -0.5421090722084045,
                -14.535652160644531
            ],
            [
                0.3341975212097168,
                0.5962247848510742,
                0.7299506664276123,
                16.636831283569336
            ],
            [
                0.0,
                0.0,
                0.0,
                1.0
            ]
        ],
        "projection_matrix": [
            [
                1.2910383939743042,
                0.0,
                0.0,
                0.0
            ],
            [
                0.0,
                2.4142136573791504,
                0.0,
                0.0
            ],
            [
                0.0,
                0.0,
                -1.0020020008087158,
                -0.20020020008087158
            ],
            [
                0.0,
                0.0,
                -1.0,
                0.0
            ]
        ]
    },
    "objects": [
        {
            "name": "#1 taxi",
            "class": "taxi",
            "position_3d": [
                -22.424999237060547,
                0.0,
                -16.25
            ],
            "rotation_y": 0.0
        }
    ]
}