{
    "camera": {
        "view_matrix": [
            [
                -0.2147352546453476,
                0.0,
                0.9766722321510315,
                11.055485725402832
            ],
            [
                0.7590168714523315,
                0.6293203830718994,
                0.16688062250614166,
                19.60689926147461
            ],
            [
                -0.6146398186683655,
                0.7771459221839905,
                -0.13513728976249695,
                -19.634706497192383
            ],
            [
                0.0,
                0.0,
                0.0,
                1.0
            ]
        ],
        "projection_matrix": [
            [
                1.2910383939743042,
                0.0,
                0.0,
                0.0
            ],
            [
                0.0,
                2.4142136573791504,
                0.0,
                0.0
            ],
            [
                0.0,
                0.0,
                -1.0020020008087158,
                -0.20020020008087158
            ],
            [
                0.0,
                0.0,
                -1.0,
                0.0
            ]
        ]
    },
    "objects": [
        {
            "name": "#1 garbage-truck",
            "class": "garbage-truck",
            "position_3d": [
                -22.424999237060547,
                0.0,
                -16.25
            ],
            "rotation_y": 0.0
        }
    ]
}