{
    "camera": {
        "view_matrix": [
            [
                0.6073758602142334,
                0.0,
                -0.7944145798683167,
                0.7111663818359375
            ],
            [
                -0.6327750086784363,
                0.6045990586280823,
                -0.4837930500507355,
                -22.172534942626953
            ],
            [
                0.4803023040294647,
                0.7965299487113953,
                0.36721888184547424,
                11.078779220581055
            ],
            [
                0.0,
                0.0,
                0.0,
                1.0
            ]
        ],
        "projection_matrix": [
            [
                1.2910383939743042,
                0.0,
                0.0,
                0.0
            ],
            [
                0.0,
                2.4142136573791504,
                0.0,
                0.0
            ],
            [
                0.0,
                0.0,
                -1.0020020008087158,
                -0.20020020008087158
            ],
            [
                0.0,
                0.0,
                -1.0,
                0.0
            ]
        ]
    },
    "objects": [
        {
            "name": "#1 building",
            "class": "building",
            "position_3d": [
                -22.424999237060547,
                0.0,
                -16.25
            ],
            "rotation_y": 0.0
        }
    ]
}