{
    "camera": {
        "view_matrix": [
            [
                0.6184083819389343,
                0.0,
                -0.7858569622039795,
                1.0976314544677734
            ],
            [
                -0.1660710871219635,
                0.977415919303894,
                -0.13068504631519318,
                -6.043259143829346
            ],
            [
                0.7681090235710144,
                0.21132482588291168,
                0.6044421195983887,
                23.504764556884766
            ],
            [
                0.0,
                0.0,
                0.0,
                1.0
            ]
        ],
        "projection_matrix": [
            [
                1.2910383939743042,
                0.0,
                0.0,
                0.0
            ],
            [
                0.0,
                2.4142136573791504,
                0.0,
                0.0
            ],
            [
                0.0,
                0.0,
                -1.0020020008087158,
                -0.20020020008087158
            ],
            [
                0.0,
                0.0,
                -1.0,
                0.0
            ]
        ]
    },
    "objects": [
        {
            "name": "#1 Ambulance",
            "class": "Ambulance",
            "position_3d": [
                -22.424999237060547,
                0.0,
                -16.25
            ],
            "rotation_y": 0.0
        }
    ]
}