{
    "camera": {
        "view_matrix": [
            [
                0.9092361330986023,
                0.0,
                -0.4162806570529938,
                13.625059127807617
            ],
            [
                -0.11194610595703125,
                0.9631624221801758,
                -0.24451158940792084,
                -6.676337242126465
            ],
            [
                0.4009459316730499,
                0.26891979575157166,
                0.8757421970367432,
                20.568239212036133
            ],
            [
                0.0,
                0.0,
                0.0,
                1.0
            ]
        ],
        "projection_matrix": [
            [
                1.2910383939743042,
                0.0,
                0.0,
                0.0
            ],
            [
                0.0,
                2.4142136573791504,
                0.0,
                0.0
            ],
            [
                0.0,
                0.0,
                -1.0020020008087158,
                -0.20020020008087158
            ],
            [
                0.0,
                0.0,
                -1.0,
                0.0
            ]
        ]
    },
    "objects": [
        {
            "name": "#1 van",
            "class": "van",
            "position_3d": [
                -22.424999237060547,
                0.0,
                -16.25
            ],
            "rotation_y": 0.0
        }
    ]
}