{
    "camera": {
        "view_matrix": [
            [
                -0.9912155270576477,
                0.0,
                0.13225652277469635,
                -20.078840255737305
            ],
            [
                0.06290441006422043,
                0.8796485066413879,
                0.47144615650177,
                8.89570140838623
            ],
            [
                -0.11633925884962082,
                0.4756242632865906,
                -0.8719212412834167,
                -22.372753143310547
            ],
            [
                0.0,
                0.0,
                0.0,
                1.0
            ]
        ],
        "projection_matrix": [
            [
                1.2910383939743042,
                0.0,
                0.0,
                0.0
            ],
            [
                0.0,
                2.4142136573791504,
                0.0,
                0.0
            ],
            [
                0.0,
                0.0,
                -1.0020020008087158,
                -0.20020020008087158
            ],
            [
                0.0,
                0.0,
                -1.0,
                0.0
            ]
        ]
    },
    "objects": [
        {
            "name": "#1 building",
            "class": "building",
            "position_3d": [
                -22.424999237060547,
                0.0,
                -16.25
            ],
            "rotation_y": 0.0
        }
    ]
}