{
    "camera": {
        "view_matrix": [
            [
                -0.9245461225509644,
                0.0,
                -0.3810703158378601,
                -26.925338745117188
            ],
            [
                -0.18358200788497925,
                0.8763067126274109,
                0.44540345668792725,
                2.945718765258789
            ],
            [
                0.3339344263076782,
                0.4817536473274231,
                -0.8101858496665955,
                -11.273390769958496
            ],
            [
                0.0,
                0.0,
                0.0,
                1.0
            ]
        ],
        "projection_matrix": [
            [
                1.2910383939743042,
                0.0,
                0.0,
                0.0
            ],
            [
                0.0,
                2.4142136573791504,
                0.0,
                0.0
            ],
            [
                0.0,
                0.0,
                -1.0020020008087158,
                -0.20020020008087158
            ],
            [
                0.0,
                0.0,
                -1.0,
                0.0
            ]
        ]
    },
    "objects": [
        {
            "name": "#1 building",
            "class": "building",
            "position_3d": [
                -22.424999237060547,
                0.0,
                -16.25
            ],
            "rotation_y": 0.0
        }
    ]
}