{
    "camera": {
        "view_matrix": [
            [
                0.9882283806800842,
                0.0,
                -0.15298567712306976,
                19.675004959106445
            ],
            [
                -0.08643185347318649,
                0.8251134753227234,
                -0.5583164095878601,
                -11.175898551940918
            ],
            [
                0.12623055279254913,
                0.5649669766426086,
                0.8154006004333496,
                9.967987060546875
            ],
            [
                0.0,
                0.0,
                0.0,
                1.0
            ]
        ],
        "projection_matrix": [
            [
                1.2910383939743042,
                0.0,
                0.0,
                0.0
            ],
            [
                0.0,
                2.4142136573791504,
                0.0,
                0.0
            ],
            [
                0.0,
                0.0,
                -1.0020020008087158,
                -0.20020020008087158
            ],
            [
                0.0,
                0.0,
                -1.0,
                0.0
            ]
        ]
    },
    "objects": [
        {
            "name": "#1 building",
            "class": "building",
            "position_3d": [
                -22.424999237060547,
                0.0,
                -16.25
            ],
            "rotation_y": 0.0
        }
    ]
}