{
    "camera": {
        "view_matrix": [
            [
                0.515038251876831,
                0.0,
                -0.8571672439575195,
                -2.37923526763916
            ],
            [
                -0.4076896011829376,
                0.8796485662460327,
                -0.24496471881866455,
                -13.29904556274414
            ],
            [
                0.7540059089660645,
                0.47562432289123535,
                0.4530526101589203,
                21.5755615234375
            ],
            [
                0.0,
                0.0,
                0.0,
                1.0
            ]
        ],
        "projection_matrix": [
            [
                1.2910383939743042,
                0.0,
                0.0,
                0.0
            ],
            [
                0.0,
                2.4142136573791504,
                0.0,
                0.0
            ],
            [
                0.0,
                0.0,
                -1.0020020008087158,
                -0.20020020008087158
            ],
            [
                0.0,
                0.0,
                -1.0,
                0.0
            ]
        ]
    },
    "objects": [
        {
            "name": "#1 truck",
            "class": "truck",
            "position_3d": [
                -22.424999237060547,
                0.0,
                -16.25
            ],
            "rotation_y": 0.0
        }
    ]
}