{
    "camera": {
        "view_matrix": [
            [
                -0.7705133557319641,
                0.0,
                -0.6374238133430481,
                -27.636898040771484
            ],
            [
                -0.2893843352794647,
                0.8910064697265625,
                0.3498057425022125,
                -0.9833016395568848
            ],
            [
                0.5679487586021423,
                0.45399048924446106,
                -0.6865324378013611,
                -4.01069974899292
            ],
            [
                0.0,
                0.0,
                0.0,
                1.0
            ]
        ],
        "projection_matrix": [
            [
                1.2910383939743042,
                0.0,
                0.0,
                0.0
            ],
            [
                0.0,
                2.4142136573791504,
                0.0,
                0.0
            ],
            [
                0.0,
                0.0,
                -1.0020020008087158,
                -0.20020020008087158
            ],
            [
                0.0,
                0.0,
                -1.0,
                0.0
            ]
        ]
    },
    "objects": [
        {
            "name": "#1 building",
            "class": "building",
            "position_3d": [
                -22.424999237060547,
                0.0,
                -16.25
            ],
            "rotation_y": 0.0
        }
    ]
}