{
    "camera": {
        "view_matrix": [
            [
                0.8007312417030334,
                -0.0,
                0.5990236401557922,
                27.690532684326172
            ],
            [
                0.17913249135017395,
                0.9542402029037476,
                -0.23945128917694092,
                -0.06488567590713501
            ],
            [
                -0.571612536907196,
                0.2990407645702362,
                0.7640900611877441,
                -3.061755657196045
            ],
            [
                0.0,
                0.0,
                0.0,
                1.0
            ]
        ],
        "projection_matrix": [
            [
                1.2910383939743042,
                0.0,
                0.0,
                0.0
            ],
            [
                0.0,
                2.4142136573791504,
                0.0,
                0.0
            ],
            [
                0.0,
                0.0,
                -1.0020020008087158,
                -0.20020020008087158
            ],
            [
                0.0,
                0.0,
                -1.0,
                0.0
            ]
        ]
    },
    "objects": [
        {
            "name": "#1 sedan",
            "class": "sedan",
            "position_3d": [
                -22.424999237060547,
                0.0,
                -16.25
            ],
            "rotation_y": 0.0
        }
    ]
}