{
    "camera": {
        "view_matrix": [
            [
                -0.838670551776886,
                0.0,
                -0.544638991355896,
                -27.657569885253906
            ],
            [
                -0.3201307952404022,
                0.8090169429779053,
                0.4929582178592682,
                0.6698348522186279
            ],
            [
                0.4406221807003021,
                0.5877853035926819,
                -0.6784987449645996,
                -6.762208938598633
            ],
            [
                0.0,
                0.0,
                0.0,
                1.0
            ]
        ],
        "projection_matrix": [
            [
                1.2910383939743042,
                0.0,
                0.0,
                0.0
            ],
            [
                0.0,
                2.4142136573791504,
                0.0,
                0.0
            ],
            [
                0.0,
                0.0,
                -1.0020020008087158,
                -0.20020020008087158
            ],
            [
                0.0,
                0.0,
                -1.0,
                0.0
            ]
        ]
    },
    "objects": [
        {
            "name": "#1 building",
            "class": "building",
            "position_3d": [
                -22.424999237060547,
                0.0,
                -16.25
            ],
            "rotation_y": 0.0
        }
    ]
}