{
    "camera": {
        "view_matrix": [
            [
                0.34202027320861816,
                0.0,
                -0.9396925568580627,
                -7.600199222564697
            ],
            [
                -0.33675578236579895,
                0.9335803389549255,
                -0.12256913632154465,
                -9.730212211608887
            ],
            [
                0.8772785663604736,
                0.35836803913116455,
                0.319303423166275,
                22.189977645874023
            ],
            [
                0.0,
                0.0,
                0.0,
                1.0
            ]
        ],
        "projection_matrix": [
            [
                1.2910383939743042,
                0.0,
                0.0,
                0.0
            ],
            [
                0.0,
                2.4142136573791504,
                0.0,
                0.0
            ],
            [
                0.0,
                0.0,
                -1.0020020008087158,
                -0.20020020008087158
            ],
            [
                0.0,
                0.0,
                -1.0,
                0.0
            ]
        ]
    },
    "objects": [
        {
            "name": "#1 sedan",
            "class": "sedan",
            "position_3d": [
                -22.424999237060547,
                0.0,
                -16.25
            ],
            "rotation_y": 0.0
        }
    ]
}