{
    "camera": {
        "view_matrix": [
            [
                -0.9781476855278015,
                0.0,
                0.20791134238243103,
                -18.5564022064209
            ],
            [
                0.15547572076320648,
                0.6639261841773987,
                0.731456995010376,
                15.239933967590332
            ],
            [
                -0.138037770986557,
                0.7477981448173523,
                -0.6494178175926208,
                -16.398096084594727
            ],
            [
                0.0,
                0.0,
                0.0,
                1.0
            ]
        ],
        "projection_matrix": [
            [
                1.2910383939743042,
                0.0,
                0.0,
                0.0
            ],
            [
                0.0,
                2.4142136573791504,
                0.0,
                0.0
            ],
            [
                0.0,
                0.0,
                -1.0020020008087158,
                -0.20020020008087158
            ],
            [
                0.0,
                0.0,
                -1.0,
                0.0
            ]
        ]
    },
    "objects": [
        {
            "name": "#1 suv",
            "class": "suv",
            "position_3d": [
                -22.424999237060547,
                0.0,
                -16.25
            ],
            "rotation_y": 0.0
        }
    ]
}