{
    "camera": {
        "view_matrix": [
            [
                0.6184084415435791,
                -0.0,
                0.7858569025993347,
                26.637983322143555
            ],
            [
                0.2428431659936905,
                0.9510565996170044,
                -0.19109873473644257,
                2.1501917839050293
            ],
            [
                -0.747394323348999,
                0.30901703238487244,
                0.5881413817405701,
                -13.764822006225586
            ],
            [
                0.0,
                0.0,
                0.0,
                1.0
            ]
        ],
        "projection_matrix": [
            [
                1.2910383939743042,
                0.0,
                0.0,
                0.0
            ],
            [
                0.0,
                2.4142136573791504,
                0.0,
                0.0
            ],
            [
                0.0,
                0.0,
                -1.0020020008087158,
                -0.20020020008087158
            ],
            [
                0.0,
                0.0,
                -1.0,
                0.0
            ]
        ]
    },
    "objects": [
        {
            "name": "#1 building",
            "class": "building",
            "position_3d": [
                -22.424999237060547,
                0.0,
                -16.25
            ],
            "rotation_y": 0.0
        }
    ]
}